id,first_name,last_name
1,James,Green
2,Mary,Davis
3,Robert,Johnson
4,Patricia,Mitchell
5,John,Moore
6,Jennifer,Thomas
7,Michael,Anderson
8,Linda,Rodriguez
9,David,Mitchell
10,Elizabeth,Miller
11,William,Baker
12,Barbara,Mitchell
13,Richard,Wright
14,Susan,Garcia
15,Joseph,Nguyen
16,Jessica,Ramirez
17,Thomas,Williams
18,Sarah,Johnson
19,Christopher,Garcia
20,Karen,Wilson
21,Charles,Anderson
22,Lisa,Allen
23,Daniel,Hill
24,Nancy,Johnson
25,Matthew,Scott
26,Betty,Gonzalez
27,Anthony,Rivera
28,Margaret,Adams
29,Mark,Hall
30,Sandra,Wright
31,Donald,Clark
32,Ashley,Anderson
33,Steven,Lewis
34,Dorothy,Nguyen
35,Paul,Moore
36,Kimberly,Smith
37,Andrew,Carter
38,Emily,Hernandez
39,Joshua,Hall
40,Donna,Ramirez
41,Kenneth,Perez
42,Michelle,Moore
43,Kevin,Martinez
44,Carol,Wilson
45,Brian,Carter
46,Amanda,Perez
47,George,Miller
48,Melissa,Garcia
49,Timothy,Harris
50,Deborah,Miller
51,Ronald,Thompson
52,Stephanie,Thompson
53,Edward,Hill
54,Rebecca,Taylor
55,Jason,Williams
56,Sharon,Campbell
57,Jeffrey,Robinson
58,Laura,Wright
59,Ryan,Davis
60,Cynthia,Harris
61,Jacob,Garcia
62,Kathleen,Scott
63,Gary,Jackson
64,Amy,Green
65,Nicholas,Flores
66,Angela,White
67,Eric,Torres
68,Shirley,Gonzalez
69,Jonathan,Rivera
70,Anna,Jones
71,Stephen,Williams
72,Brenda,Nelson
73,Larry,Anderson
74,Pamela,Roberts
75,Justin,Jackson
76,Emma,Garcia
77,Scott,Anderson
78,Nicole,Miller
79,Brandon,Harris
80,Helen,Moore
81,Benjamin,Robinson
82,Samantha,Green
83,Samuel,White
84,Katherine,Hernandez
85,Gregory,White
86,Christine,Thompson
87,Frank,Wilson
88,Debra,Nelson
89,Alexander,Moore
90,Rachel,Hall
91,Patrick,Baker
92,Carolyn,Adams
93,Raymond,Jones
94,Janet,Hill
95,Jack,Green
96,Catherine,Hernandez
97,Dennis,Wright
98,Maria,Campbell
99,Jerry,Thomas
100,Heather,Hernandez
